Word,Definition
gamecock,a rooster trained for cockfighting
gamecock,a fighting cock a rooster used in cockfighting
gamecock,the male game fowl
gamecock,a cock bred from a fighting stock or strain a cock bred and trained for fighting purposes
gamecock,someone who is a very fierce fighter
gamecock,a cock bred and trained for fighting
gamecock,a cock bred and trained for fighting
Nuttall_oak,similar to the pin oak; grows in damp sites in Mississippi River basin
neuroepithelioma,malignant tumor of the neuroepithelium
Niggardliness,"""The quality or state of being niggard; meanness in giving or spending; parsimony; stinginess."""
Tenpenny,"""Valued or sold at ten pence; as  a tenpenny cake. See 2d Penny n."""
Tenpenny,"""Denoting a size of nails. See 1st Penny."""
Compress,"""To press or squeeze together; to force into a narrower compass; to reduce the volume of by pressure; to compact; to condense; as  to compress air or water."""
Compress,"""To embrace sexually."""
Compress,"""A folded piece of cloth  pledget of lint etc. used to cover the dressing of wounds and so placed as by the aid of a bandage to make due pressure on any part."""
lesser_galangal,Chinese perennial with pyramidal racemes of white flowers and pungent aromatic roots used medicinally and as flavoring
go_after,go in search of or hunt for
Esnecy,"""A prerogative given to the eldest coparcener to choose first after an inheritance is divided."""
Novelette,"""A short novel."""
offset_printing,"a plate makes an inked impression on a rubber-blanketed cylinder, which in turn transfers it to the paper"
Incorporating,"""of Incorporate"""
Grecism,"""An idiom of the Greek language; a Hellenism."""
reckless,heedless or careless
reckless,headstrong rash
reckless,indifferent to or disregardful of consequences a reckless driver
reckless,careless or heedless headstrong or rash
reckless,indifferent to danger or the consequences
reckless,inattentive to duty careless neglectful indifferent
reckless,rashly negligent utterly careless or heedless
reckless,not recking careless heedless inattentive in a mild sense
reckless,not recking of consequences desperately heedless as from folly passion or perversity impetuously or rashly adventurous
reckless,strong synonyms strong enterprising rash etc
reckless,see adventurous incautious unwary unconcerned indifferent thoughtless
reckless,marked by defiant disregard for danger or consequences
reckless,characterized by careless unconcern
reckless,marked by defiant disregard for danger or consequences; ; -Macaulay
Supposition,"""The act of supposing  laying down imagining or considering as true or existing what is known not to be true or what is not proved."""
Supposition,"""That which is supposed; hypothesis; conjecture; surmise; opinion or belief without sufficient evidence."""
diverted,to turn aside from a course or direction traffic was diverted around the scene of the accident
diverted,to distract my attention was diverted by an argument between motorists
diverted,to entertain by distracting the attention from worrisome thoughts or cares amuse
diverted,see synonyms at amuse
diverted,to turn aside
diverted,to turn aside from a course
diverted,to distract
diverted,to entertain or amuse by diverting the attention
diverted,to turn aside to digress
diverted,to turn aside to digress
diverted,to turn aside to turn off from any course or intended application to deflect
diverted,to turn away from any occupation business or study to cause to have lively and agreeable sensations to amuse to entertain
diverted,to turn aside or away change the direction or course of cause to move or act in a different line or manner as to divert a stream from its bed to divert the mind from its troubles he was diverted from his purpose
diverted,to turn to a different point or end change the aim or destination of draw to another course purpose or destiny
diverted,to turn from customary or serious occupation furnish diversion to amuse entertain
diverted,to subvert destroy
diverted,strong synonyms strong to draw away
diverted,amuse divert entertain etc
diverted,see amuse to delight exhilarate
diverted,to turn aside turn out of one s way digress
diverted,withdraw money and move into a different location often secretly and with dishonest intentions
diverted,turn aside turn away from
diverted,occupy in an agreeable entertaining or pleasant fashion
diverted,send on a course or in a direction different from the planned or intended one
diverted,pleasantly occupied;  -Queen Victoria
fix,to place securely make stable or firm fixed the tent poles in the ground
fix,see synonyms at fasten
fix,to secure to another attach fixing the notice to the board with tacks
fix,to put into a stable or unalterable form tried to fix the conversation in her memory
fix,to make a chemical substance nonvolatile or solid
fix,biology to convert nitrogen into stable biologically assimilable compounds
fix,to kill and preserve a specimen intact for microscopic study
fix,to prevent discoloration of a photographic image by washing or coating with a chemical preservative
fix,to direct steadily fixed her eyes on the road ahead
fix,to capture or hold the man with the long beard fixed our attention
fix,to set or place definitely establish fixed her residence in a coastal village
fix,to determine with accuracy ascertain fixed the date of the ancient artifacts
fix,to agree on arrange fix a time to meet
fix,to assign attribute fixing the blame
fix,to correct or set right adjust fix a misspelling fix the out of date accounts
fix,to restore to proper condition or working order repair fix a broken machine
fix,computer science to convert data from floating point notation to fixed point notation
fix,to make ready prepare fixed the room for the guests fix lunch for the kids fixed himself a milkshake
fix,to spay or castrate an animal
fix,informal to take revenge upon get even with
fix,to influence the outcome or actions of by improper or unlawful means fix a prizefight fix a jury
fix,to direct one s efforts or attention concentrate we fixed on the immediate goal
fix,to become stable or firm harden fresh plaster will fix in a few hours
fix,to be on the verge of to be making preparations for
fix,used in progressive tenses with the infinitive we were fixing to leave without you
fix,the act of adjusting correcting or repairing
fix,informal something that repairs or restores a solution no easy fix for an intractable problem
fix,the position as of a ship or aircraft determined by visual observations with the aid of equipment
fix,a clear determination or understanding a briefing that gave us a fix on the current situation
fix,an instance of arranging a special consideration such as an exemption from a requirement or an improper or illegal outcome especially by means of bribery
fix,a difficult or embarrassing situation a predicament
fix,see synonyms at predicament
fix,slang an amount or dose of something craved especially an intravenous injection of a narcotic
fix,fix up to improve the appearance or condition of refurbish
fix,fix up to provide equip
fix,fix up informal to provide a companion on a date for fixed me up with an escort at the last minute
fix,fix someone s wagon to get revenge on another
fix,a repair or corrective action
fix,a difficult situation a quandary or dilemma
fix,a single dose of an addictive drug administered to a drug user
fix,a prearrangement of the outcome of a supposedly competitive process such as a sporting event a game an election a trial or a bid
fix,a determination of location
fix,fettlings mixture used to line a furnace
fix,to pierce now generally replaced by transfix
fix,to attach to affix to hold in place
fix,to mend to repair
fix,to prepare food
fix,to surgically render an animal especially a pet infertile
fix,to map a point or subset to itself
fix,to take revenge on to best to serve justice on an assumed miscreant
fix,fixed solidified
fix,a position of difficulty or embarassment predicament dilemma
fix,fettling
fix,to become fixed to settle or remain permanently to cease from wandering to rest
fix,to become firm so as to resist volatilization to cease to flow or be fluid to congeal to become hard and malleable as a metallic substance
fix,to make firm stable or fast to set or place permanently to fasten immovably to establish to implant to secure to make definite
fix,to hold steadily to direct unwaveringly to fasten as the eye on an object the attention on a speaker
fix,to transfix to pierce
fix,to render an impression permanent by treating with a developer to make it insensible to the action of light
fix,to put in order to arrange to dispose of to adjust to set to rights to set or place in the manner desired or most suitable hence to repair
fix,to line the hearth of a puddling furnace with fettling
fix,to fasten make fast by some material means attach or confine firmly or securely also used figuratively of immaterial things
fix,figuratively to direct intently or persistently so as to be as it were fastened to its object as to fix the mind on a subject to fix the eyes or the attention
fix,to hold firmly restrain from wandering or wavering arrest as to fix one with the eyes to fix the attention of an audience to fix inconstant affections
fix,to establish give permanence or a permanent character to make permanent confirm
fix,to establish in position or in a situation settle or place stably plant firmly as to fix a lance in rest the fixed stars see fixed
fix,to make stable in consistence or condition reduce from fluidity or volatility to a more permanent state make less volatile or fugitive as cold fixes water in the form of ice to fix colors by a mordant
fix,to reduce to a concrete state seize and put into permanent form as to fix one s thoughts on paper or a conception on canvas
fix,to establish as a fact or a conclusion determine or settle definitely make certain as this event fixed his destiny to fix the meaning of a word
fix,to limit or confine as by custom or practice determine by limitation
fix,to regulate adjust put in order arrange in a suitable or desired manner as to fix one s affairs to fix one s room or one s dress to fix one s self for going out
fix,to bring into a state favorable to one s purpose make sure of as by selection bargain or some selfish inducement as to fix a legislative committee or a jury
fix,to transfix pierce
fix,same as to fix out
fix,to rest settle down or remain permanently cease from wandering
fix,to assume a stable form cease to flow or be fluid congeal become hard and malleable as a metallic substance
fix,fixed established steadfast
fix,solidified
fix,a critical condition a predicament a difficulty a dilemma
fix,surv the operation of determining fixing the position of an unknown point by the three point problem which involves the measurement at the point of the two angles between lines running to three known visible points
fix,restore by replacing a part or putting together what is torn or broken
fix,the act of putting something in working order again
fix,make fixed stable or stationary
fix,make ready or suitable or equip in advance for a particular purpose or for some use event etc
fix,influence an event or its outcome by illegal means
fix,kill preserve and harden tissue in order to prepare for microscopic study
fix,cause to be firmly attached
fix,put something somewhere firmly
fix,take vengeance on or get even
fix,make infertile
fix,something craved especially an intravenous injection of a narcotic drug
fix,prepare for eating by applying heat
fix,an exemption granted after influence e g money is brought to bear
fix,set or place definitely
fix,informal terms for a difficult situation
fix,a determination of the place where something is
fix,decide upon or fix definitely
fix,a determination of the place where something is
Trillachan,"""The oyster catcher."""
element_111,a radioactive transuranic element
Gram_stain,"a staining technique used to classify bacteria; bacteria are stained with gentian violet and then treated with Gram's solution; after being decolorized with alcohol and treated with safranine and washed in water, those that retain the gentian violet are Gram-positive and those that do not retain it are Gram-negative"
Impugning,"""of Impugn"""
Melopsittacus_undulatus,small Australian parakeet usually light green with black and yellow markings in the wild but bred in many colors
Government,"""The act of governing; the exercise of authority; the administration of laws; control; direction; regulation; as  civil church or family government."""
Government,"""The mode of governing; the system of polity in a state; the established form of law."""
Government,"""The right or power of governing; authority."""
Government,"""The person or persons authorized to administer the laws; the ruling power; the administration."""
Government,"""The body politic governed by one authority; a state; as  the governments of Europe."""
Government,"""Management of the limbs or body."""
Government,"""The influence of a word in regard to construction  requiring that another word should be in a particular case."""
motorbike,a lightweight motorcycle
motorbike,a pedal bicycle that has an attached motor
motorbike,a motorcycle especially a relatively small one
motorbike,to ride a motorbike to travel by motorbike
motorbike,a light two wheeled vehicle containing a motor for propulsion
motorbike,it is lighter in construction and has a lower speed than a motorcycle
motorbike,a small motorcycle with a low frame and small weels and elevated handlebars
motorbike,a bicyle with a motor attached for propulsion
motorbike,small motorcycle with a low frame and small wheels and elevated handlebars
motorbike,ride a motorcycle
motorbike,small motorcycle with a low frame and small wheels and elevated handlebars
megaflop,(computer science) a unit for measuring the speed of a computer system
Sabbatia_campestris,prairie herb with solitary lilac-colored flowers
Belau,a chain of more than 200 islands about 400 miles long in the western central Pacific Ocean
crabwise,(of movement) at an angle
transplant,to uproot and replant a growing plant
transplant,to transfer from one place or residence to another resettle or relocate
transplant,medicine to transfer tissue or an organ from one body or body part to another
transplant,to be capable of undergoing transplantation
transplant,the act or process of transplanting
transplant,something transplanted
transplant,medicine an operation in which tissue or an organ is transplanted undergo a heart transplant surgical transplant of a cornea
transplant,to uproot a growing plant and plant it in another place
transplant,to remove something and establish its residence in another place to resettle or relocate
transplant,to transfer tissue or an organ from one body to another or from one part of a body to another
transplant,an act of uprooting and moving something
transplant,anything that is transplanted
transplant,an operation in which tissue or an organ is transplanted
transplant,a transplanted organ or tissue
transplant,someone who is not native to their area of residence
transplant,to remove and plant in another place
transplant,to remove and settle or establish for residence in another place
transplant,to plant anew in a different place
transplant,in general to remove from one place to another especially to remove and establish for residence in another place
transplant,in surgery to transfer from one part of the body or from one person to another
transplant,see transplantation
transplant,the act or process of transplanting specifically the carrying of bacterial organisms from one medium to another for purposes of culture
transplant,that which is transplanted specifically in forestry a seedling which has been transplanted once or several times
transplant,surgery tissue or organ transplanted from a donor to a recipient in some cases the patient can be both donor and recipient
transplant,place the organ of a donor into the body of a recipient
transplant,the act of removing something from one location and introducing it in another location
transplant,transfer from one place or period to another
transplant,lift and reset in another soil or situation
transplant,an operation moving an organ from one organism the donor to another the recipient
transplant,be transplantable
transplant,the act of removing something from one location and introducing it in another location
93,being three more than ninety
crotchety,capriciously stubborn or eccentric perverse
crotchety,cranky disagreeable or stubborn especially if prone to odd whims or fancies
crotchety,given to crotchets subject to whims
crotchety,characterized by odd fancies or crotchets fantastic or eccentric in thought whimsical
crotchety,having a difficult and contrary disposition
crotchety,having a difficult and contrary disposition; - Dorothy Sayers
Leucous,"""White; -- applied to albinos  from the whiteness of their skin and hair."""
timbrel,small hand drum similar to a tambourine; formerly carried by itinerant jugglers
Peal,"""A small salmon; a grilse; a sewin."""
Peal,"""To appeal."""
Peal,"""A loud sound  or a succession of loud sounds as of bells thunder cannon shouts of a multitude etc."""
Peal,"""A set of bells tuned to each other according to the diatonic scale; also  the changes rung on a set of bells."""
Peal,"""To utter or give out loud sounds."""
Peal,"""To resound; to echo."""
Peal,"""To utter or give forth loudly; to cause to give out loud sounds; to noise abroad."""
Peal,"""To assail with noise or loud sounds."""
Peal,"""To pour out."""
steeply,in a steep manner
preciosity,the quality of being fastidious or excessively refined
genus_Brugmansia,includes some plants often placed in the genus Datura: angel's trumpets
Countersway,"""A swaying in a contrary direction; an opposing influence."""
Dolabra,"""A rude ancient ax or hatchet  seen in museums."""
Dietine,"""A subordinate or local assembly; a diet of inferior rank."""
Straw-colored,"""Being of a straw color. See Straw color  under Straw n."""
eastern_cricket_frog,a cricket frog of eastern United States
Beefy,"""Having much beef; of the nature of beef; resembling beef; fleshy."""
Whot,"""Hot."""
Galatians,a New Testament book containing the epistle from Saint Paul to the Galatians
Organizability,"""Quality of being organizable; capability of being organized."""
borough_English,a former English custom by which the youngest son inherited land to the exclusion of his older brothers
Entranced,"""of Entrance"""
hornless,without horns
hornless,having no horn
hornless,having no horns
hornless,having no horns
hornless,having no horns
Foumart,"""The European polecat; -- called also European ferret  and fitchew. See Polecat."""
genus_Tilletia,a genus of fungi belonging to the family Tilletiaceae
blur,to make indistinct and hazy in outline or appearance obscure
blur,to smear or stain smudge
blur,to lessen the perception of dim for street children
blur,drugs offer the chance to blur their hopeless poverty alma guillermoprieto
blur,to become indistinct
blur,to make smudges or stains by smearing
blur,a smear or blot a smudge
blur,something that is hazy and indistinct to the sight or mind
blur,to make indistinct or hazy to obscure or dim
blur,to smear stain or smudge
blur,to become indistinct
blur,a smear smudge or blot
blur,something that appears hazy or indistinct
blur,a moral stain or blot
blur,that which obscures without effacing a stain a blot as upon paper or other substance
blur,a dim confused appearance indistinctness of vision
blur,a moral stain or blot
blur,to render obscure by making the form or outline of confused and uncertain as by soiling to smear to make indistinct and confused
blur,to cause imperfection of vision in to dim to darken
blur,to sully to stain to blemish as reputation
blur,to obscure or sully a thing with something which detracts from its fairness or beauty
blur,to sully stain blemish as to blur one s reputation
blur,to obscure without quite effacing render indistinct confuse and bedim as the outlines of a figure
blur,to dim the perception or susceptibility of make dull or insensible to impression as blurred eyesight to blur the judgment
blur,to make blurs in writing
blur,a smudge or smear such as that made by brushing writing or painting before it is dry a blot which partially defaces or obscures
blur,figuratively a blot stain or injury affecting character reputation and the like
blur,a blurred condition a dim confused appearance indistinctness
blur,a hazy or indistinct representation
blur,become vague or indistinct
blur,make unclear indistinct or blurred
blur,make dim or indistinct
blur,make a smudge on soil by smudging
blur,to make less distinct or clear
blur,become glassy lose clear vision
blur,a hazy or indistinct representation
pepper_shaker,a shaker with a perforated top for sprinkling ground pepper
out_of_sight,not accessible to view
Stimulatress,"""A woman who stimulates."""
term_of_office,the term during which some position is held
peter,to diminish slowly and come to an end dwindle
peter,often used with out their enthusiasm soon petered out
peter,vulgar slang the penis
peter,the penis
peter,to dwindle to trail off to diminish to nothing
peter,a common baptismal name for a man
peter,the name of one of the apostles
peter,to become exhausted to run out to fail used generally with out
peter,in whist to call for trumps by throwing away a higher card of a suit while holding a smaller
peter,to diminish gradually and then cease fail be come exhausted in mining to split up into branches and become lost said of a vein which runs out or disappears so that it can no longer be followed by the miner with out
peter,a kind of wine otherwise called peter sec me and peter sameene
peter,a kind of cosmetic
peter,see blue peter
peter,in whist a conventional signal indicating a call for trumps
peter,the common american coot fulica americana so called with reference to its color with an allusion to blue peter
peter,in thieves cant a traveling bag portmanteau trunk or any piece of baggage or a parcel
peter,disciple of jesus and leader of the apostles regarded by catholics as the vicar of christ on earth and first pope
peter,obscene terms for penis
peter,bible see table at bible
peter,the chief of the apostles
peter,he is traditionally regarded as the first bishop of rome
peter,a male given name
peter,the leading apostle in the new testament
peter,the epistles of peter in the new testament of the bible peter and peter attributed to st
peter,a patronymic surname
peter,obscene terms for penis
Lethargical,"""Pertaining to  affected with or resembling lethargy; morbidly drowsy; dull; heavy."""
Moderation,"""The act of moderating  or of imposing due restraint."""
Moderation,"""The state or quality of being mmoderate."""
Moderation,"""Calmness of mind; equanimity; as  to bear adversity with moderation."""
Moderation,"""The first public examinations for degrees at the University of Oxford; -- usually contracted to mods."""
medevac,the evacuation of persons usually by air transportation to a place where they can receive medical care
medevac,air transport of persons to a place where they can receive medical or surgical care medical evacuation
medevac,a helicopter or other aircraft used for such transport
medevac,to transport a patient to a place where medical care is available
medevac,the emergency transportation usually by air of patients to a medical facility
medevac,a vehicle used for emergency transportation of patients to a medical facility
medevac,trained personnel who care for patients during emergency transportation to a medical facility
medevac,to transport patients by medevac
medevac,the evacuation of persons (usually by air transportation) to a place where they can receive medical care
SLS,a caustic detergent useful for removing grease; although commonly included in personal care items (shampoos and toothpastes etc.) it can irritate skin and should not be swallowed
Beaumontia,small genus of evergreen woody vines in the East Indies and Asia
Hackery,"""A cart with wooden wheels  drawn by bullocks."""
mountain_clubmoss,of northern Europe and America; resembling a miniature fir
fibroadenoma,a benign tumour of the breast
fibroadenoma,benign and movable and firm and not tender tumor of the breast common in young women and caused by high levels of estrogen
fibroadenoma,benign and movable and firm and not tender tumor of the breast; common in young women and caused by high levels of estrogen
Lanceolate,"""Alt. of Lanceolated"""
nativistic,of or relating to or advocating nativism
wild_climbing_hempweed,herb of tropical America having vanilla-scented flowers; climbs up trees
Fulmine,"""To thunder."""
Fulmine,"""To shoot; to dart like lightning; to fulminate; to utter with authority or vehemence."""
sirius,a star in the constellation canis major the brightest star in the sky approximately light years distant from earth
sirius,also called dog star sothis
sirius,a bluish white star in the constellation canis major alpha α canis majoris
sirius,a vertex of the winter triangle and the brightest star in the night sky
sirius,it is actually a binary star with a white dwarf companion star
sirius,a very white star the brightest in the heavens more than half a magnitude brighter than canopus the next brightest the dog star
sirius,it is situated in the mouth of the dog
sirius,the brightest star in the sky in canis major
sirius,sirius is a binary star system in canis major orion s larger dog
sirius,it is the brightest star in the night sky with a magnitude of
sirius,a star in the constellation canis major the brightest star in the sky approximately light years distant from earth
sirius,also called dog star sothis
sirius,a bluish white star in the constellation canis major alpha α canis majoris
sirius,a vertex of the winter triangle and the brightest star in the night sky
sirius,it is actually a binary star with a white dwarf companion star
sirius,a very white star the brightest in the heavens more than half a magnitude brighter than canopus the next brightest the dog star
sirius,it is situated in the mouth of the dog
sirius,the brightest star in the sky in canis major
sirius,sirius is a binary star system in canis major orion s larger dog
sirius,it is the brightest star in the night sky with a magnitude of
terrorise,fill with terror; frighten greatly
Conjugating,"""of Conjugate"""
Untolerable,"""Intolerable."""
St._Gregory_of_Nazianzen,(Roman Catholic Church) a church father known for his constant fight against perceived heresies; a saint and Doctor of the Church (329-391)
arsehole,the anus
arsehole,an inconsiderate or mean spirited person
arsehole,less vulgar and intense than fucker
arsehole,execretory opening at the end of the alimentary canal
arsehole,vulgar slang for anus
arsehole,vulgar slang for anus
Tactile,"""Of or pertaining to the organs  or the sense of touch; perceiving or perceptible by the touch; capable of being touched; as tactile corpuscles; tactile sensations."""
Daymaid,"""A dairymaid."""
Whist,"""Be silent; be still; hush; silence."""
Whist,"""A certain game at cards; -- so called because it requires silence and close attention. It is played by four persons (those who sit opposite each other being partners) with a complete pack of fifty-two cards. Each player has thirteen cards  and when these are played out he hand is finished and the cards are again shuffled and distributed."""
Whist,"""To hush or silence."""
Whist,"""To be or become silent or still; to be hushed or mute."""
Whist,"""Not speaking; not making a noise; silent; mute; still; quiet."""
Tremolite,"""A white variety of amphibole  or hornblende occurring in long bladelike crystals and coarsely fibrous masses."""
evangelise,alternative spelling of evangelize
evangelise,same as evangelize
evangelise,preach the gospel to
evangelise,convert to christianity
evangelise,convert to Christianity
Slabby,"""Thick; viscous."""
Slabby,"""Sloppy; slimy; miry. See Sloppy."""
Dropwise,"""After the manner of a drop; in the form of drops."""
canned_foods,food preserved by canning
run-down,having the spring unwound
Butchering,"""of Butcher"""
Butchering,"""The business of a butcher."""
Butchering,"""The act of slaughtering; the act of killing cruelly and needlessly."""
sombreness,a manner that is serious and solemn
unrealised,of persons; marked by failure to realize full potentialities
Mittimus,"""A precept or warrant granted by a justice for committing to prison a party charged with crime; a warrant of commitment to prison."""
Mittimus,"""A writ for removing records from one court to another."""
James_Abbott_McNeill_Whistler,United States painter (1834-1903)
sick_benefit,money paid (by the government) to someone who is too ill to work
Haemadromometry,"""Same as Hemadrometry."""
atheism,disbelief in or denial of the existence of god or gods
atheism,the doctrine that there is no god or gods
atheism,belief that no deities exist sometimes including rejection of other religious beliefs
atheism,rejection of belief that any deities exist with or without a belief that no deities exist
atheism,absence of belief that any deities exist including absence of the concept of deities
atheism,absence of belief in a particular deity pantheon or religious doctrine notwithstanding belief in other deities
atheism,the disbelief or denial of the existence of a god or supreme intelligent being
atheism,godlessness
atheism,the doctrine that there is no god denial of the existence of god
atheism,the denial of theism that is of the doctrine that the great first cause is a supreme intelligent righteous person
atheism,a practical indifference to and disregard of god godlessness
atheism,the doctrine or belief that there is no god
atheism,a lack of belief in the existence of god or gods
atheism,atheism is about not believing any god or gods exist
atheism,it is the opposite of theism which is the belief that at least one god exists
atheism,a person who rejects belief in gods is called an atheist
atheism,a lack of belief in the existence of God or gods
Obsequent,"""Obedient; submissive; obsequious."""
tea_service,a set of china or silverware for serving tea
Fakir,"""An Oriental religious ascetic or begging monk."""
Reacher,"""One who reaches."""
Reacher,"""An exaggeration."""
atomic_number_63,a bivalent and trivalent metallic element of the rare earth group
redolence,a pleasingly sweet olfactory property
persia,a vast empire of southwest asia founded by cyrus ii after b c
persia,and brought to the height of its power and glory by darius i and his son xerxes
persia,eventually the empire extended from the indus river valley in present day pakistan to the mediterranean sea before alexander the great conquered it between and b c
persia,see iran
persia,a region in southwestern iran in particular pars fars province
persia,territories corresponding to either of the two empires ruled by dynasts from pars fars specially the first of the two
persia,an empire in southern asia created by cyrus the great in the century bc and destroyed by alexander the great in the century bc
persia,a theocratic islamic republic in the middle east in western asia iran was the core of the ancient empire that was known as persia until rich in oil
persia,a vast empire of southwest asia founded by cyrus ii after b c
persia,and brought to the height of its power and glory by darius i and his son xerxes
persia,eventually the empire extended from the indus river valley in present day pakistan to the mediterranean sea before alexander the great conquered it between and b c
persia,see iran
persia,a region in southwestern iran in particular pars fars province
persia,territories corresponding to either of the two empires ruled by dynasts from pars fars specially the first of the two
persia,an empire in southern asia created by cyrus the great in the century bc and destroyed by alexander the great in the century bc
persia,a theocratic islamic republic in the middle east in western asia iran was the core of the ancient empire that was known as persia until rich in oil
Thider,"""Thither."""
Podilymbus,a genus of Podicipedidae
Galpe,"""To gape ; to yawn."""
balmily,in a mildly insane manner
gladdon,iris with purple flowers and foul-smelling leaves; southern and western Europe and North Africa
nary,not one frequently measures of major import
nary,glide through these chambers with nary a whisper of debate george b
nary,not one
nary,a corruption of ne er a never a the article being sometimes erroneously repeated after the word in which it is contained
nary,used with singular count nouns colloquial for not a or not one or never a
nary,(used with singular count nouns) colloquial for `not a' or `not one' or `never a'
shouted,a loud cry
shouted,to say with or utter a shout
shouted,shout down to overwhelm or silence by shouting loudly
shouted,a loud burst of voice or voices a vehement and sudden outcry especially that of a multitude expressing joy triumph exultation or animated courage
shouted,a round of drinks in a pub the turn to pay the shot or scot an act of paying for a round of drinks
shouted,a call out for an emergency services team
shouted,to utter a sudden and loud outcry as in joy triumph or exultation or to attract attention to animate soldiers etc
shouted,to utter with a shout to cry sometimes with out as to shout or to shout out a man s name
shouted,to treat with shouts or clamor
shouted,to pay for food drink or entertainment for others
shouted,to enter a text message for example email in upper case
shouted,a loud burst of voice or voices a vehement and sudden outcry especially of a multitudes expressing joy triumph exultation or animated courage
shouted,a gratuitous entertainment with refreshments or the like a treat
shouted,to utter a sudden and loud outcry as in joy triumph or exultation or to attract attention to animate soldiers etc
shouted,to entertain with refreshments or the like gratuitously to treat
shouted,to utter with a shout to cry sometimes with out
shouted,to treat with shouts or clamor
shouted,to treat one to something also to give something by way of treating
shouted,to utter a loud significant call or outcry either inarticulate as in laughter calls signals etc or articulate speak in a very loud and vohement manner
shouted,to order drink for another or others as a treat
shouted,to utter in a loud and vehement voice utter with a shout express with raised voice
shouted,a vehement and sudden outcry expressing joy exultation animated courage or other emotion also a loud call to attract attention at a distance to be heard by one hard of hearing or the like
shouted,a small boat nearly flat bottomed and very light used for passing over the drains in various parts of lincolnshire when broader and larger it is used in shooting wild ducks in the marshes
shouted,and is then called a gunning shout
shouted,a treat a free drink
shouted,use foul or abusive language towards
shouted,utter a sudden loud cry
shouted,utter in a loud voice talk in a loud voice usually denoting characteristic manner of speaking
shouted,a loud utterance often in protest or opposition
shouted,utter aloud often with surprise horror or joy
shouted,in a vehement outcry
Rankness,"""The condition or quality of being rank."""
Gerres,type genus of the Gerreidae
Derrida,French philosopher and critic (born in Algeria); exponent of deconstructionism (1930-2004)
Johann_Joachim_Winckelmann,German archaeologist and art historian said to be the father of archaeology (1717-1768)
Transversal,"""Running or lying across; transverse; as  a transversal line."""
Transversal,"""A straight line which traverses or intersects any system of other lines  as a line intersecting the three sides of a triangle or the sides produced."""
seed_cake,a sweet cake flavored with sesame or caraway seeds and lemon
Bosses,"""of Boss"""
Composer,"""One who composes; an author. Specifically  an author of a piece of music."""
Composer,"""One who  or that which quiets or calms; one who adjusts a difference."""
Jean_Louis_Rodolphe_Agassiz,United States naturalist (born in Switzerland) who studied fossil fish; recognized geological evidence that ice ages had occurred in North America (1807-1873)
intelligence_agent,a person secretly employed in espionage for a government
piquancy,the degree to which something is piquant stimulating or exciting
piquancy,the quality or state of being piquant
piquancy,piquant quality
piquancy,keenness sharpness tartness severity as of remark or utterance
piquancy,a tart spicy quality
piquancy,the quality of being agreeably stimulating or mentally exciting
piquancy,the quality of being agreeably stimulating or mentally exciting
mucous_secretion,protective secretion of the mucus membranes; in the gut it lubricates the passage of food and protects the epithelial cells; in the nose and throat and lungs it can make it difficult for bacteria to penetrate the body through the epithelium
Unspeakable,"""Not speakable; incapable of being uttered or adequately described; inexpressible; unutterable; ineffable; as  unspeakable grief or rage."""
red_bearberry,evergreen mat-forming shrub of North America and northern Eurasia having small white flowers and red berries; leaves turn red in autumn
cxlv,being five more than one hundred forty
Quop,"""See Quob."""
Rosa_damascena,large hardy very fragrant pink rose; cultivated in Asia Minor as source of attar of roses; parent of many hybrids
garbanzo,see chickpea
garbanzo,an edible pulse cicer arietinum of the family leguminosae or fabaceae and subfamily faboideae or papilionoideae of which the plant has white or purple blue flowers and small feathery leaves on both sides of the stem and yields pods containing two to three peas
garbanzo,a seed of this plant the chickpea
garbanzo,in porto rico and spanish america generally the chick pea cicer arietinum
garbanzo,see chick pea with cut
garbanzo,large white roundish asiatic legume usually dried
garbanzo,the seed of the chickpea plant
garbanzo,large white roundish Asiatic legume; usually dried
Pernis,a common European bird of prey; dull brown with white-streaked underparts
line_printer,printer that serves as an output device on a computer; prints a whole line of characters at a time
Uncongeal,"""To thaw; to become liquid again."""
islander,an inhabitant of an island
islander,a person who lives on an island
islander,an inhabitant of an island
islander,an inhabitant of an island
islander,an obsolete form of icelander
islander,an inhabitant of an island
islander,an inhabitant of an island
forbiddance,the action of prohibiting or inhibiting or forbidding (or an instance thereof)
cubital_joint,hinge joint between the forearm and upper arm and the corresponding joint in the forelimb of a quadruped
family_Hydrophidae,sea snakes
Hemitrope,"""Half turned round; half inverted; (Crystallog.) having a twinned structure."""
Hemitrope,"""That which is hemitropal in construction; (Crystallog.) a twin crystal having a hemitropal structure."""
Sprod,"""A salmon in its second year."""
Uncity,"""To deprive of the rank or rights of a city."""
Glance,"""A sudden flash of light or splendor."""
Glance,"""A quick cast of the eyes; a quick or a casual look; a swift survey; a glimpse."""
Glance,"""An incidental or passing thought or allusion."""
Glance,"""A name given to some sulphides  mostly dark-colored which have a brilliant metallic luster as the sulphide of copper called copper glance."""
Glance,"""To shoot or emit a flash of light; to shine; to flash."""
Glance,"""To strike and fly off in an oblique direction; to dart aside. """"""""Your arrow hath glanced""""""""."""
Glance,"""To look with a sudden  rapid cast of the eye; to snatch a momentary or hasty view."""
Glance,"""To make an incidental or passing reflection; to allude; to hint; -- often with at."""
Glance,"""To move quickly  appearing and disappearing rapidly; to be visible only for an instant at a time; to move interruptedly; to twinkle."""
Glance,"""To shoot or dart suddenly or obliquely; to cast for a moment; as  to glance the eye."""
Glance,"""To hint at; to touch lightly or briefly."""
Exarticulate,"""Having but one joint; -- said of certain insects."""
purdy,pretty
Gradualness,"""The quality or state of being gradual; regular progression or gradation; slowness."""
undertide,a current below the surface of a fluid
Gapeseed,"""Any strange sight."""
dark_comedy,a comedy characterized by grim or satiric humor; a comedy having gloomy or disturbing elements
Splinted,"""of Splint"""
combined_operation,"a military operation carried out cooperatively by two or more allied nations or a military operation carried out by coordination of sea, land, and air forces"
coproduct,a product produced together with another product
coproduct,any of multiple products that are produced at the same time or by the same process
Subendymal,"""Situated under the endyma."""
come_around,happen regularly
quaternate,consisting of or especially arranged in sets of four
Making,"""of Make"""
Making,"""The act of one who makes; workmanship; fabrication; construction; as  this is cloth of your own making; the making of peace or war was in his power."""
Making,"""Composition  or structure."""
Making,"""a poem."""
Making,"""That which establishes or places in a desirable state or condition; the material of which something may be made; as  early misfortune was the making of him."""
Making,"""External appearance; from."""
Gilman,United States feminist (1860-1935)
Polygastrica,"""The Infusoria."""
Strait,"""A variant of Straight."""
Strait,"""Narrow; not broad."""
Strait,"""Tight; close; closely fitting."""
Strait,"""Close; intimate; near; familiar."""
Strait,"""Strict; scrupulous; rigorous."""
Strait,"""Difficult; distressful; straited."""
Strait,"""Parsimonious; niggargly; mean."""
Strait,"""Strictly; rigorously."""
Strait,"""A narrow pass or passage."""
Strait,"""A (comparatively) narrow passageway connecting two large bodies of water; -- often in the plural; as  the strait or straits of Gibraltar; the straits of Magellan; the strait or straits of Mackinaw."""
Strait,"""A neck of land; an isthmus."""
Strait,"""Fig.: A condition of narrowness or restriction; doubt; distress; difficulty; poverty; perplexity; -- sometimes in the plural; as  reduced to great straits."""
Strait,"""To put to difficulties."""
harnessing,the gear or tackle other than a yoke with which a draft animal pulls a vehicle or implement
harnessing,something resembling such gear or tackle as the arrangement of straps used to hold a parachute to the body
harnessing,a device that raises and lowers the warp threads on a loom
harnessing,archaic armor for a man or horse
harnessing,to put a harness on a draft animal
harnessing,to fasten by the use of a harness
harnessing,to bring under control and direct the force of if you can harness your energy you will accomplish a great deal
harnessing,in harness on duty or at work
harnessing,a restraint or support especially one consisting of a loop or network of rope or straps
harnessing,a collection of wires or cables bundled and routed according to their function
harnessing,to place a harness on something to tie up or restrain
harnessing,to capture control or put to use
harnessing,originally the complete dress especially in a military sense of a man or a horse hence in general armor
harnessing,the equipment of a draught or carriage horse for drawing a wagon coach chaise etc gear tackling
harnessing,the part of a loom comprising the heddles with their means of support and motion by which the threads of the warp are alternately raised and depressed for the passage of the shuttle
harnessing,to dress in armor to equip with armor for war as a horseman to array
harnessing,fig to equip or furnish for defense
harnessing,to make ready for draught to equip with harness as a horse
harnessing,also used figuratively
harnessing,to dress in armor equip with armor for war as a man or horse
harnessing,to fit out equip dress
harnessing,to equip or furnish for defense
harnessing,to put harness or working tackle on as a horse
harnessing,to fit up or put together with metal mountings
harnessing,to fasten to a boat by the toggle iron and tow line as a whale
harnessing,the defensive armor and weapons of a soldier especially of a knight in general and especially in modern poetical use a suit of armor
harnessing,clothing dress garments
harnessing,the working gear or tackle of a horse mule ass goat dog or other animal except the ox used for draft the straps collar bridle lines traces etc put upon a draft animal to enable it to work and to guide its actions
harnessing,see cut in next column
harnessing,hence figuratively working tackle of any kind an equipment for any kind of labor also that which fits or makes ready for labor as his duties keep him constantly in the harness
harnessing,the apparatus in a loom by which the sets of warp threads are shifted alternately to form the shed
harnessing,it consists of the heddles and their means of support and motion
harnessing,also called mounting
harnessing,the mechanism by which a large bell is suspended and tolled
harnessing,temper humor alluding to the behavior of a horse in harness
harnessing,nautical an obsolete term for the furniture of a ship
harnessing,exploit the power of
harnessing,put a harness
harnessing,stable gear consisting of an arrangement of leather straps fitted to a draft animal so that it can be attached to and pull a cart
harnessing,control and direct with or as if by reins
harnessing,a support consisting of an arrangement of straps for holding something to the body especially one supporting a person suspended from a parachute
harnessing,keep in check
sandfly,any of various small flies of the genera lutzomyia and phlebotomus whose females suck the blood of vertebrates and thus spread leishmaniasis
sandfly,any of various small dipterous flies bloodsucking females can transmit sandfly fever and leishmaniasis
sandfly,any of various small dipterous flies; bloodsucking females can transmit sandfly fever and leishmaniasis
base_hit,(baseball) the successful act of striking a baseball in such a way that the batter reaches base safely
Twelvemo,"""See Duodecimo."""
flexuous,having turns or windings
Profile,"""An outline  or contour; as the profile of an apple."""
Profile,"""A human head represented sidewise  or in a side view; the side face or half face."""
Profile,"""A section of any member  made at right angles with its main lines showing the exact shape of moldings and the like."""
Profile,"""A drawing exhibiting a vertical section of the ground along a surveyed line  or graded work as of a railway showing elevations depressions grades etc."""
Profile,"""to draw the outline of; to draw in profile  as an architectural member."""
Profile,"""To shape the outline of an object by passing a cutter around it."""
Gurl,"""A young person of either sex. [Obs.] See Girl."""
Spatting,"""of Spat"""
point_out,point out carefully and clearly
concerto,a composition for an orchestra and one or more solo instruments typically in three movements
concerto,a piece of music for one or more solo instruments and orchestra
concerto,a composition usually in symphonic form with three movements in which one instrument or two or three stands out in bold relief against the orchestra or accompaniment so as to display its qualities or the performer s skill
concerto,in music a concert
concerto,same as concertante
concerto,a composition for two or more solo instruments of the same or of a different kind as bach s concerto for four pianos handel s concerti grossi for two violins and violoncello soli with accompaniment for a stringed orchestra
concerto,such concertos are called double triple etc according to the number of solo instruments
concerto,a composition usually in symphonic form written for one principal instrument occasionally for more than one with accompaniment for a large or small orchestra and intended to display the ability of a solo performer
concerto,a composition for orchestra and a soloist
concerto,a concerto is a piece of music made for a solo instrument and an orchestra
concerto,when an orchestra plays at a concert they might play a symphony lrb a piece for orchestra rrb and they might play a concerto lrb with a soloist rrb
concerto,if the solo instrument is a violin the piece is called a violin if it is a piano it is called a piano etc
concerto,the orchestra accompanies the soloist
concerto,this means that it is the soloist who decides how fast or slow to play
concerto,the conductor should listen to the way the soloist wants to play and make the orchestra accompany sensitively
concerto,a composition for orchestra and a soloist
inoculator,a medical practitioner who inoculates people against diseases
Ecuadorian,of or relating to or characteristic of Ecuador or its people
Millefiore glass,"""Slender rods or tubes of colored glass fused together and embedded in clear glass; -- used for paperweights and other small articles."""
Thomas_Hunt_Morgan,United States biologist who formulated the chromosome theory of heredity (1866-1945)
storer,a young tree especially one reserved when others are cut a standel
storer,one who lays up or forms a store
storer,one who lays up or forms a store
storer,one who lays up or accumulates a store
Stenciler,"""One who paints or colors in figures by means of stencil."""
ds,the symbol for the element darmstadtium
ds,symbol for darmstadtium
ds,an abbreviation of days sights common in commercial writings as a bill payable at d s
ds,that is ten days after sight
ds,an abbreviation of distinguished service order
ds,an abbreviation of discharged to sick quarters
ds,a radioactive transuranic element
ds,the bureau in the state department that is responsible for the security of diplomats and embassies overseas
ds,an honorary degree in science
ds,the symbol for the element darmstadtium
ds,symbol for darmstadtium
ds,an abbreviation of days sights common in commercial writings as a bill payable at d s
ds,that is ten days after sight
ds,an abbreviation of distinguished service order
ds,an abbreviation of discharged to sick quarters
ds,a radioactive transuranic element
ds,the bureau in the state department that is responsible for the security of diplomats and embassies overseas
ds,an honorary degree in science
Paraclete,"""An advocate; one called to aid or support; hence  the Consoler Comforter or Intercessor; -- a term applied to the Holy Spirit."""
Paraclete,the third person in the Trinity; Jesus promised the Apostles that he would send the Holy Spirit after his Crucifixion and Resurrection; it came on Pentecost
Wall,"""A kind of knot often used at the end of a rope; a wall knot; a wale."""
Wall,"""A work or structure of stone  brick or other materials raised to some height and intended for defense or security solid and permanent inclosing fence as around a field a park a town etc. also one of the upright inclosing parts of a building or a room."""
Wall,"""A defense; a rampart; a means of protection; in the plural  fortifications in general; works for defense."""
Wall,"""An inclosing part of a receptacle or vessel; as  the walls of a steam-engine cylinder."""
Wall,"""The side of a level or drift."""
Wall,"""The country rock bounding a vein laterally."""
Wall,"""To inclose with a wall  or as with a wall."""
Wall,"""To defend by walls  or as if by walls; to fortify."""
Wall,"""To close or fill with a wall  as a doorway."""
Zymology,"""A treatise on the fermentation of liquors  or the doctrine of fermentation."""
undimmed,not dimmed
undimmed,not made dim or less bright
undimmed,not made dim or less bright
Darting,"""of Dart"""
Inflective,"""Capable of  or pertaining to inflection; deflecting; as the inflective quality of the air."""
Inflective,"""Inflectional; characterized by variation  or change in form to mark case tense etc.; subject to inflection."""
order_Naiadales,an order of aquatic monocotyledonous herbaceous plants
Noctambulism,"""Somnambulism."""
acaracide,a chemical agent used to kill mites
Epidendrum_tampense,orchid of Florida and the Bahamas having showy brightly colored flowers; sometimes placed in genus Epidendrum
Toy,"""A plaything for children; a bawble."""
Toy,"""A thing for amusement  but of no real value; an article of trade of little value; a trifle."""
Toy,"""A wild fancy; an odd conceit; idle sport; folly; trifling opinion."""
Toy,"""Amorous dalliance; play; sport; pastime."""
Toy,"""An old story; a silly tale."""
Toy,"""A headdress of linen or woolen  that hangs down over the shoulders worn by old women of the lower classes; -- called also toy mutch."""
Toy,"""To dally amorously; to trifle; to play."""
Toy,"""To treat foolishly."""
unlicenced,lacking official approval
Masking,"""of Mask"""
Launderer,"""One who follows the business of laundering."""
Inobservance,"""Want or neglect of observance."""
Cosmically,"""With the sun at rising or setting; as  a star is said to rise or set cosmically when it rises or sets with the sun."""
Cosmically,"""Universally."""
Filching,"""of Filch"""
Panax_ginseng,Chinese herb with palmately compound leaves and small greenish flowers and forked aromatic roots believed to have medicinal powers
crenelle,a notch or open space between two merlons in a crenelated battlement
pandean_pipe,a primitive wind instrument consisting of several parallel pipes bound together
Widely,"""In a wide manner; to a wide degree or extent; far; extensively; as  the gospel was widely disseminated by the apostles."""
Widely,"""Very much; to a great degree or extent; as  to differ widely in opinion."""
Shikaree,"""Alt. of Shikari"""
Something,"""Anything unknown  undetermined or not specifically designated; a certain indefinite thing; an indeterminate or unknown event; an unspecified task work or thing."""
Something,"""A part; a portion  more or less; an indefinite quantity or degree; a little."""
Something,"""A person or thing importance."""
Something,"""In some degree; somewhat; to some extent; at some distance."""
Choragi,"""of Choragus"""
Rolled,"""of Roll"""
noggin,a small mug or cup
noggin,a unit of liquid measure equal to one quarter of a pint
noggin,slang the human head
noggin,a small mug cup or ladle
noggin,a measure equivalent to a gill
noggin,also possibly linked to the phrase naggin of vodka a small bottle of vodka
noggin,the head
noggin,a small mug or cup
noggin,a measure equivalent to a gill
noggin,the head of a person
noggin,a vessel of wood also a mug or similar vessel of any material
noggin,the contents of such a vessel a small amount of liquor as much as might suffice for one person
noggin,one end of a keg that has been sawn into halves used for various purposes on shipboard
noggin,the head the noddle
noggin,informal terms for a human head
noggin,informal terms for a human head
Lamenting,"""of Lament"""
Lamenting,"""Lamentation."""
fire_ant,omnivorous ant of tropical and subtropical America that can inflict a painful sting
Overshadowy,"""Overshadowing."""
Tinamides,"""A division of struthious birds  including the tinamous."""
Torrefied,"""of Torrefy"""
orangish,relatively orange in colour
orangish,similar to an orange
orangish,of the color between red and yellow similar to the color of a ripe orange
orangish,of the color between red and yellow; similar to the color of a ripe orange
Adenalgia,"""Alt. of Adenalgy"""
Etherizing,"""of Etherize"""
midazolam,an injectable form of benzodiazepine (trade name Versed) useful for sedation and for reducing pain during uncomfortable medical procedures
harassment,persistent attacks and criticism causing worry and distress
harassment,deliberate pestering or annoying
harassment,the act of harassing or state of being harassed worry annoyance anxiety
harassment,the act of harassing or the state of being harassed vexation that which harasses or vexes
harassment,the act of tormenting by continued persistent attacks and criticism
harassment,a feeling of intense annoyance caused by being tormented
harassment,the act of tormenting by continued persistent attacks and criticism
wild_water_lemon,tropical American passion flower with finely dissected bracts; stems malodorous when crushed
Macroural,"""Same as Macrura  Macrural etc."""
genus_Lophius,type genus of family Lophiidae
Theobid,a colorless crystalline alkaloid derived from tea leaves or made synthetically; used in medicine as a bronchial dilator
Seerwood,"""Dry wood."""
turnspit,a roasting spit that can be turned
Neo-Latin,"""Applied to the Romance languages  as being mostly of Latin origin."""
Neo-Latin,Latin since the Renaissance; used for scientific nomenclature
graciousness,the quality of being kind and gentle
Doled,"""of Dole"""
field_guide,a guidebook describing natural objects of some type that might be encountered in the field
Undecisive,"""Indecisive."""
Pteridospermaphyta,used in some classification systems: a group of extinct fossil gymnosperms coextensive with the order Cycadofilicales
Feathering,"""Same as Foliation."""
Feathering,"""The act of turning the blade of the oar  as it rises from the water in rowing from a vertical to a horizontal position. See To feather an oar under Feather v. t."""
Feathering,"""A covering of feathers."""
naval_unit,a military unit that is part of a navy
pudding_pipe_tree,deciduous or semi-evergreen tree having scented sepia to yellow flowers in drooping racemes and pods whose pulp is used medicinally; tropical Asia and Central and South America and Australia
Tolerate,"""To suffer to be  or to be done without prohibition or hindrance; to allow or permit negatively by not preventing; not to restrain; to put up with; as to tolerate doubtful practices."""
goose_down,down of the goose
Toed,"""of Toe"""
Toed,"""Having (such or so many) toes; -- chiefly used in composition; as  narrow-toed four-toed."""
Toed,"""Having the end secured by nails driven obliquely  said of a board plank or joist serving as a brace and in general of any part of a frame secured to other parts by diagonal nailing."""
redolent,having or emitting fragrance aromatic
redolent,suggestive reminiscent a campaign redolent of machine politics
redolent,fragrant or aromatic having a sweet scent
redolent,having the smell of the article in question
redolent,suggestive or reminiscent
redolent,diffusing odor or fragrance spreading sweet scent scented odorous smelling usually followed by of
redolent,having or diffusing a sweet scent giving out an odor odorous smelling fragrant often with of
redolent,serving to bring to mind
redolent,having a strong pleasant odor
redolent,used with of or with noticeably odorous
redolent,having a strong pleasant odor; - Jean Stafford
determinateness,the quality of being predictable with great confidence
Paradisiacal,"""Of or pertaining to paradise; suitable to  or like paradise."""
vertical_combination,absorption into a single firm of several firms involved in all aspects of a product's manufacture from raw materials to distribution
paperboy,a boy who sells or delivers newspapers
paperboy,a male who delivers newspapers to houses on a paper round
paperboy,a boy who sells or delivers newspapers
paperboy,a boy who sells or delivers newspapers
paperboy,a boy who sells or delivers newspapers
Punishing,"""of Punish"""
Protense,"""Extension."""
Alogy,"""Unreasonableness; absurdity."""
square_inch,a unit of area equal to one inch by one inch square
leatherneck,slang a member of the u s
leatherneck,a member of the united states marines so called because of a distinctive high leather collar of certain uniforms they formerly wore
leatherneck,the sordid friar bird of australia tropidorhynchus sordidus
leatherneck,a member of the united states marine corps a united states marine
leatherneck,a marine
leatherneck,a member of the united states marine corps
leatherneck,a member of the United States Marine Corps
anaphylactic_shock,a severe and rapid and sometimes fatal hypersensitivity reaction to a substance (especially a vaccine or penicillin or shellfish or insect venom) to which the organism has become sensitized by previous exposure
progressive_aspect,the aspect of a verb that expresses its on-going action
whinberry,erect European blueberry having solitary flowers and blue-black berries
defaulter,one who fails to fulfill an obligation or perform a task especially a legal or financial one
defaulter,one who makes default one who fails to appear in court when court when called
defaulter,one who fails to perform a duty a delinquent particularly one who fails to account for public money intrusted to his care a peculator a defalcator
defaulter,one who makes default one who fails to fulfil an obligation or a duty of any kind especially one who fails to appear in court when required or to pay a debt when due or to make proper returns of funds intrusted to his care
defaulter,in the british service a soldier accused of a military offense
defaulter,a contestant who forfeits a match
defaulter,someone who fails to make a required appearance in court
defaulter,someone who fails to meet a financial obligation
defaulter,a contestant who forfeits a match
Galop,"""A kind of lively dance  in 2-4 time; also the music to the dance."""
Grape fruit,"""The shaddock."""
crucifer,one who bears a cross in a religious procession
crucifer,botany any of various plants in the mustard family cruciferae or brassicaceae which includes the alyssum candytuft cabbage radish broccoli and many weeds
crucifer,a person who carries a cross in a religious procession
crucifer,a member of the family cruciferae the cabbage family including cabbage and mustard
crucifer,any plant of the family cruciferæ
crucifer,a cross bearer specifically one who carries a large cross in ecclesiastical processions
crucifer,in botany a plant of the order cruciferæ
crucifer,any of various plants of the family cruciferae
crucifer,any of various plants of the family Cruciferae
pitching_wedge,a wedge used to loft the golf ball over obstacles
metahuman,superhuman
Quietly,"""In a quiet state or manner; without motion; in a state of rest; as  to lie or sit quietly."""
Quietly,"""Without tumult  alarm dispute or disturbance; peaceably; as to live quietly; to sleep quietly."""
Quietly,"""Calmly  without agitation or violent emotion; patiently; as to submit quietly to unavoidable evils."""
Quietly,"""Noiselessly; silently; without remark or violent movement; in a manner to attract little or no observation; as  he quietly left the room."""
Neutrally,"""In a neutral manner; without taking part with either side; indifferently."""
memoranda,a written proposal or reminder
armless,having no arms
Juan_Ponce_de_Leon,Spanish explorer who accompanied Columbus on his second trip in 1493; in 1513 he discovered Florida while searching for the legendary Fountain of Youth (1460-1521)
Lithuania,a republic in northeastern Europe on the Baltic Sea
moroccan,a person from morocco or of moroccan descent
moroccan,of from or pertaining to morocco or the moroccan people
moroccan,of or pertaining to morocco or its inhabitants
moroccan,of or pertaining to morocco a sultanate in northwestern africa lying west of algeria or its inhabitants
moroccan,of or relating to or characteristic of morocco or its people
moroccan,a native or inhabitant of morocco
moroccan,a person from morocco or of moroccan descent
moroccan,of from or pertaining to morocco or the moroccan people
moroccan,of or pertaining to morocco or its inhabitants
moroccan,of or pertaining to morocco a sultanate in northwestern africa lying west of algeria or its inhabitants
moroccan,of or relating to or characteristic of morocco or its people
moroccan,a native or inhabitant of morocco
Emotional,"""Pertaining to  or characterized by emotion; excitable; easily moved; sensational; as an emotional nature."""
worriedly,in a worried manner
deuteranopia,dichromacy characterized by a lowered sensitivity to green light resulting in an inability to distinguish green and purplish-red
Corkage,"""The charge made by innkeepers for drawing the cork and taking care of bottles of wine bought elsewhere by a guest."""
Spanish_bayonet,a stiff yucca with a short trunk; found in the southern United States and tropical America; has rigid spine-tipped leaves and clusters of white flowers
catamenia,the monthly discharge of blood from the uterus of nonpregnant women from puberty to menopause; ; --Hippocrates; --Aristotle
observable,possible to observe observable phenomena an observable change in demeanor
observable,see synonyms at noticeable
observable,deserving or worthy of note noteworthy an observable anniversary
observable,a physical property such as weight or temperature that can be observed or measured directly as distinguished from a quantity such as work or entropy that must be derived from observed quantities
observable,able to be observed
observable,deserving to be observed
observable,any physical property that can be observed and measured directly and not derived from other properties
observable,capable of being observed discernible noticeable
observable,worthy of being observed important enough to be noted or celebrated
observable,noteworthy remarkable
observable,capable of being observed or noticed or viewed with interest or attention
observable,noticeable worthy of observation noteworthy hence remarkable
observable,that may or must be observed followed or kept as the formalities observable at court
observable,a noticeable or noteworthy fact or thing something worth observing
observable,capable of being seen or noticed
observable,capable of being seen or noticed
Imprudent,"""Not prudent; wanting in prudence or discretion; indiscreet; injudicious; not attentive to consequence; improper."""
stereotypically,in a stereotypical manner
Saunterer,"""One who saunters."""
medieval_mode,any of a system of modes used in Gregorian chants up until 1600; derived historically from the Greek mode
bungee_cord,an elasticized rope
hypochromic_anaemia,anemia characterized by a decrease in the concentration of corpuscular hemoglobin
coarctate,(of an insect pupa) enclosed in a rigid case
Empark,"""To make a park of; to inclose  as with a fence; to impark."""
Electrolyzable,"""Capable of being electrolyzed  or decomposed by electricity."""
Vitiously,"""Alt. of Vitiousness"""
Infantry,"""A body of children."""
Infantry,"""A body of soldiers serving on foot; foot soldiers  in distinction from cavalry."""
Pandora,"""A beautiful woman (all-gifted)  whom Jupiter caused Vulcan to make out of clay in order to punish the human race because Prometheus had stolen the fire from heaven. Jupiter gave Pandora a box containing all human ills which when the box was opened escaped and spread over the earth. Hope alone remained in the box. Another version makes the box contain all the blessings of the gods which were lost to men when Pandora opened it."""
Pandora,"""A genus of marine bivalves  in which one valve is flat the other convex."""
Pandora,(Greek mythology) the first woman; created by Hephaestus on orders from Zeus who presented her to Epimetheus along with a box filled with evils
assessee,a person (or property) that is assessed
Anthem,"""Formerly  a hymn sung in alternate parts in present usage a selection from the Psalms or other parts of the Scriptures or the liturgy set to sacred music."""
Anthem,"""A song or hymn of praise."""
Anthem,"""To celebrate with anthems."""
Papaverous,"""Of or pertaining to the poppy; of the nature of the poppy."""
Irresistless,"""Irresistible."""
Hyphantria_cunea,moth whose larvae are fall webworms
Semilenticular,"""Half lenticular or convex; imperfectly resembling a lens."""
sandpapery,having the abrasive texture of sandpaper
uncheck,to remove a checkmark
sugar_beet,white-rooted beet grown as a source of sugar
disability_insurance,social insurance for the disabled
Beslabber,"""To beslobber."""
Ton,"""pl. of Toe."""
Ton,"""The common tunny  or house mackerel."""
Ton,"""The prevailing fashion or mode; vogue; as  things of ton."""
Ton,"""A measure of weight or quantity."""
Ton,"""The weight of twenty hundredweight."""
Ton,"""Forty cubic feet of space  being the unit of measurement of the burden or carrying capacity of a vessel; as a vessel of 300 tons burden."""
Ton,"""A certain weight or quantity of merchandise  with reference to transportation as freight; as six hundred weight of ship bread in casks seven hundred weight in bags eight hundred weight in bulk; ten bushels of potatoes; eight sacks or ten barrels of flour; forty cubic feet of rough or fifty cubic feet of hewn timber etc."""
yacht,an expensive vessel propelled by sail or power and used for cruising or racing
Cheered,"""of Cheer"""
magnetic_recorder,recorder consisting of equipment for making records on magnetic media
unmelodiously,in an unmelodious manner
subfamily_Mephitinae,subdivision not used in some classifications: skunks
Stately,"""Evincing state or dignity; lofty; majestic; grand; as  statelymanners; a stately gait."""
Stately,"""Majestically; loftily."""
Acer_saccharinum,a common North American maple tree; five-lobed leaves are light green above and silvery white beneath; source of hard close-grained but brittle light-brown wood
doggerel,crudely or irregularly fashioned verse often of a humorous or burlesque nature
doggerel,of a crude or irregular construction
doggerel,originally applied to humorous verse but now to verse lacking artistry or meaning
doggerel,a comic or humorous verse usually irregular in measure
doggerel,a doggerel poem or verse
doggerel,low in style and irregular in measure
doggerel,a sort of loose or irregular verse mean or undignified poetry
doggerel,an epithet originally given to a kind of loose irregular measure in burlesque poetry like that of hudibras but now more generally applied to mean verses defective alike in sense and in rhythm
doggerel,burlesque poetry generally in irregular measure
doggerel,mean paltry verses defective in sense and in rhythm
doggerel,a comic verse of irregular measure
doggerel,a comic verse of irregular measure
batt,pieces of fabric used for stuffing batting
batt,pieces of fabric or fibre used for stuffing as for batting or insulation
batt,an obsolete spelling of bat still occasionally used in some senses
batt,pieces of fabric used for stuffing batting
batt,pieces of fabric or fibre used for stuffing as for batting or insulation
batt,an obsolete spelling of bat still occasionally used in some senses
catholicism,the faith doctrine system and practice of a catholic church especially the roman catholic church
catholicism,the faiths practices and doctrines of a catholic church but especially of the roman catholic church
catholicism,the state or quality of being catholic or universal catholicity
catholicism,liberality of sentiment breadth of view
catholicism,the state or quality of being catholic or universal catholicity
catholicism,liberality of sentiment breadth of view
catholicism,the faith of the whole orthodox christian church or adherence thereto
catholicism,the doctrines or faith of the roman catholic church or adherence thereto
catholicism,same as catholicity and
catholicism,adherence to the roman catholic church the roman catholic faith as a convert to catholicism
catholicism,the beliefs and practices of a catholic church
catholicism,catholicism often means the roman catholic church
catholicism,sometimes it also refers to the eastern orthodox churches or other churches that believe in the great lists of christian beliefs called creeds lrb from the latin word credo meaning i believe rrb such as the anglican church
catholicism,the word catholic means everywhere or universal lrb belief that the church is one big family rrb
catholicism,the faith doctrine system and practice of a catholic church especially the roman catholic church
catholicism,the faiths practices and doctrines of a catholic church but especially of the roman catholic church
catholicism,the state or quality of being catholic or universal catholicity
catholicism,liberality of sentiment breadth of view
catholicism,the state or quality of being catholic or universal catholicity
catholicism,liberality of sentiment breadth of view
catholicism,the faith of the whole orthodox christian church or adherence thereto
catholicism,the doctrines or faith of the roman catholic church or adherence thereto
catholicism,same as catholicity and
catholicism,adherence to the roman catholic church the roman catholic faith as a convert to catholicism
catholicism,the beliefs and practices of a catholic church
catholicism,catholicism often means the roman catholic church
catholicism,sometimes it also refers to the eastern orthodox churches or other churches that believe in the great lists of christian beliefs called creeds lrb from the latin word credo meaning i believe rrb such as the anglican church
catholicism,the word catholic means everywhere or universal lrb belief that the church is one big family rrb
phenylpropanolamine,an adrenergic drug that acts as a vasoconstrictor and is used as a nasal decongestant bronchodilator appetite suppressant and mild stimulant
phenylpropanolamine,an adrenergic drug use to relieve allergic reactions to treat respiratory infections and to suppress the appetite
phenylpropanolamine,an adrenergic drug used in many preparations to relieve allergic reactions or respiratory infections
phenylpropanolamine,an adrenergic drug used in many preparations to relieve allergic reactions or respiratory infections
euclidean,relating to geometry as developed by Euclid
Physiologically,"""In a physiological manner."""
frightened,to fill with fear alarm
frightened,to drive or force by arousing fear the suspect was frightened into confessing
frightened,to become afraid
frightened,to disturb with fear to throw into a state of alarm or fright to affright to terrify
frightened,to disturb with fear to throw into a state of alarm or fright to affright to terrify
frightened,to strike with fright terrify scare dismay
frightened,strong synonyms strong to affright dismay daunt appal intimidate
frightened,cause fear in
frightened,drive out by frightening
frightened,made afraid
outwear,exhaust or get tired through overuse or great strain or stress
false_dragon_head,North American plant having a spike of two-lipped pink or white flowers
Pentoic,"""Pertaining to  or desingating an acid (called also valeric acid) derived from pentane."""
low-lying,having a small elevation above the ground or horizon or sea level
Extruded,"""of Extrude"""
high_life,excessive spending
dance_lesson,a lesson in dancing
